{
    "youthLiterature":[
        {
            "bookId": "001",
            "author": "顾漫",
            "book_title": "何以笙萧默",
            "summary": "一段年少时的爱恋，牵出一生的纠缠。大学时代的赵默笙阳光灿烂，对法学系大才子何以琛一见倾心，开朗直率的她拔足倒追，终于使才气出众的他为她停留驻足。然而，不善表达的他终于使她在一次伤心之下远走他乡……",
            "stars": 48,
            "imgSrc": "./images/heyi.png"
        },
        {
            "bookId": "002",
            "author": "张嘉佳",
            "book_title": "从你的全世界路过",
            "summary": "《从你的全世界路过》是微博上最会写故事的人张嘉佳献给你的心动故事。最初以“睡前故事”系列的名义在网上疯狂流传，几天内达到1,500,000次转发，超4亿次阅读，引来电影投资方的巨资抢购，…",
            "stars": 34,
            "imgSrc": "./images/20180420150909.png"
        },
        {
            "bookId": "003",
            "author": "辛夷坞",
            "book_title": "原来你还在这里",
            "summary": "你心中是否也有这样一个人？他离开后，生活还在继续，他留下的痕迹被平淡的日子逐渐抹去。你很少想起他，没有他也能过得很好。然而在那些个猝不及防的梦里，他又出现在你的身边，第一次说出分… ",
            "stars": 30,
            "imgSrc": "./images/20180420151027.png"
        },
        {
            "bookId": "004",
            "author": "八月长安",
            "book_title": "最好的我们",
            "summary": "你还记得高中时的同桌吗？那个少年有世界上最明朗的笑容，那个女生有世界上最好看的侧影。高中三年，两个人的影子和粉笔灰交织在一起，黑白分明，在记忆里面转圈。本书以怀旧的笔触讲述了女主…",
            "stars": 42,
            "imgSrc": "./images/20180420152406.png"
        },
        {
            "bookId": "005",
            "author": "蓝小汐",
            "book_title": "实习生",
            "summary": "宋暖和周格格是上海名牌高校的应届毕业生，没有背景，属于工薪二代，梦想就是找到一个好工作，觅得一个好老公。在屡屡碰壁的求职过程中，一个寝室的她们又同时被一家大型的民营企业录取为实习…",
            "stars": 28,
            "imgSrc": "./images/20180420152548.png"
        },
        {
            "bookId": "006",
            "author": "籽月",
            "book_title": "夏有乔木，雅望天堂",
            "summary": "十岁，单单母亲重病在床，父亲却带着私生子单依安堂而皇之地进入家门。 单单出钱请人绑架单依安为母亲出气，却反被抢钱欺负，幸好被从学校逃课的唐小天所救。 十四岁，单单在美国街头遇见满…",
            "stars": 33,
            "imgSrc": "./images/20180420152714.png"
        },
        {
            "bookId": "007",
            "author": "村井贞之",
            "book_title": "夏目友人帐",
            "summary": "风靡中日，感动无数人的“治愈系”漫画首次纪念小说中文珍藏版， 再现漫画中那份温暖的感动和治愈！ 漫画原著者——绿川幸亲子手绘封面及内页插画！ 只要你有想见的人，就一定不会孤单…",
            "stars": 50,
            "imgSrc": "./images/20180420152850.png"
        },
        {
            "bookId": "008",
            "author": "顾漫",
            "book_title": "微微一笑很倾城",
            "summary": "如果你“惨”遭抛弃后，忽然有个很强很拽很不可一世的男人向你求婚，你怎么反应？贝微微同学的反应是：“大神……你被盗号了么＝ ＝”这个世界也太不真实了吧！ 前脚“前夫”才“移情别…",
            "stars": 5,
            "imgSrc": "./images/wei.png"
        },
        {
            "bookId": "009",
            "author": "唐七公子",
            "book_title": "华胥引",
            "summary": "发生在依靠鲛珠死而复生的卫国公主叶蓁和陈国公子苏誉的身上的故事。内容分为四个单元，以男女主的视角先后讲述了江湖背景下四段荡气回肠的虐心爱情故事",
            "stars": 40,
            "imgSrc": "./images/hua.png"
        }
    ],
        "literaryWorks": [
            {
                "bookId": "101",
                "author": "余华",
                "book_title": "活着",
                "summary": "《活着》讲述了农村人福贵悲惨的人生遭遇。福贵本是个阔少爷，可他嗜赌如命，终于赌光了家业，一贫如洗。他的父亲被他活活气死，母亲则在穷困中患了重病，福贵前去求药，却在途中被国民党抓去…",
                "stars": 45,
                "imgSrc": "./images/20180420144952.png"
            },
            {
                "bookId": "102",
                "author": "东野圭吾",
                "book_title": "解忧杂货店",
                "summary": "僻静的街道旁有一家杂货店，只要写下烦恼投进店前门卷帘门的投信口，第二天就会在店后的牛奶箱里得到回答：因男友身患绝症，年轻女孩静子在爱情与梦想间徘徊；克郎为了音乐梦想离家漂泊，却在…",
                "stars": 44,
                "imgSrc": "./images/20180420145703.png"
            },
            {
                "bookId": "103",
                "author": "卡勒德·胡赛尼 ",
                "book_title": "追风筝的人",
                "summary": "2013年，小说《追风筝的人》出版整整十年。书中那句“为你，千千万万遍”感动了无数中国读者。8月，胡赛尼暌违六年的新作《群山回唱》中文版即将问世。 ★一个阿富汗作家的处女作 ★一部以…",
                "stars": 33,
                "imgSrc": "./images/20180420145838.png"
            },
            {
                "bookId": "104",
                "author": "太宰治",
                "book_title": "人间失格",
                "summary": "大庭叶藏从青少年到中年，为了逃避现实而不断沉沦，用药物麻痹自己，经历了自我放逐、酗酒、自杀，终于一步步走向自我毁灭。在自我否定的过程中，他抒发自己内心深处的痛苦纠结，并对自我价值…",
                "stars": 42,
                "imgSrc": "./images/20180420150002.png"
            },
            {
                "bookId": "105",
                "author": "东野圭吾",
                "book_title": "白夜行",
                "summary": "1973年，大阪的一栋废弃建筑中发现一名遭利器刺死的男子。案件扑朔迷离，悬而未决。 此后20年间，案件滋生出的… ",
                "stars": 50,
                "imgSrc": "./images/20180420150135.png"
            },
            {
                "bookId": "106",
                "author": "陈忠实",
                "book_title": "白鹿原",
                "summary": "在从清末民初到建国之初的半个世纪里，一阵阵狂风掠过了白鹿原上空，而每一次的变动都震荡着它的内在结构：打乱了再恢复，恢复了再打乱，细腻地反映出白… ",
                "stars": 47,
                "imgSrc": "./images/20180420150320.png"
            },
            {
                "bookId": "107",
                "author": "简·奥斯丁",
                "book_title": "傲慢与偏见",
                "summary": "主讲了奥斯丁的讽刺艺术，不仅表现在某些人物的喜剧性格上，也不仅表现在众多情节的喜剧性处理上，而且还融汇在整个故事的反讽构思中，让现实对人们的主观臆想进行嘲讽。男主角… ",
                "stars": 50,
                "imgSrc": "./images/20180420150503.png"
            },
            {
                "bookId": "108",
                "author": "老舍",
                "book_title": "骆驼祥子",
                "summary": "骆驼祥子》是老舍用同情的笔触描绘的一幕悲剧：二十年代的北京，一个勤劳、壮实的底层社会小人物怀着发家、奋斗的美好梦想，却最终为黑暗的暴风雨所吞噬。它揭示了当时“小人物”的奴隶心理…",
                "stars": 5,
                "imgSrc": "./images/20180420150621.png"
            }
        ],
            "successInspiring":[
                {
                    "bookId": "201",
                    "author": "戴尔·卡耐基",
                    "book_title": "人性的弱点",
                    "summary": "《人性的弱点》最新中文译本。 译自美国西蒙与舒斯特出版公司1937年第一版，正是该公司出版了世界上第一本《人性的弱点》。本书忠实还原戴尔·卡耐基的38篇初始手稿：摒弃后人所有过度解读；…",
                    "stars": 45,
                    "imgSrc": "./images/20180420153516.png"
                },
                {
                    "bookId": "202",
                    "author": "凯利·麦格尼格尔",
                    "book_title": "自控力",
                    "summary": "作为一名健康心理学家，凯利•麦格尼格尔博士的工作就是帮助人们管理压力，并在生活中做出积极的改变。多年来，通过观察学生们是如何控制选择的，她意识到，人们关于自控的很多看法实际上妨…",
                    "stars": 37,
                    "imgSrc": "./images/20180420153626.png"
                },
                {
                    "bookId": "203",
                    "author": "奥野宣之",
                    "book_title": "如何有效阅读一本书",
                    "summary": "对在漫长人生中读过的书而言，人类的记忆力是有限的。如果想在读完每一本书后都有扎实的收获，就需要有技巧地写读书笔记，并养成长期的习惯。传媒业出身的奥野宣之创造的一元化笔记读书法涵…",
                    "stars": 42,
                    "imgSrc": "./images/20180420153802.png"
                },
                {
                    "bookId": "204",
                    "author": "迈克·贝克特尔",
                    "book_title": "高难度对话",
                    "summary": "为什么越是亲密的人，我们越发挑剔？为什么越是重要的关系，我们越容易忽略？为什么越是重要的对话，我们越是努力回避？ 书中指出，人际关系难题的根源在于人的基本需求未能得到满足，“… ",
                    "stars": 38,
                    "imgSrc": "./images/20180420153933.png"
                },
                {
                    "bookId": "205",
                    "author": "丹尼尔·戈尔曼 ",
                    "book_title": "情商",
                    "summary": "《情商》一书不仅打破了长久以来智商的天生决定论，更为心理学界探讨已久的“情绪智慧”问题提出关键性的解释。丹尼尔•戈尔曼认为，由于没有考虑到对人类行为产生重大作用的一系列关键能力…",
                    "stars": 27,
                    "imgSrc": "./images/20180420154046.png"
                },
                {
                    "bookId": "206",
                    "author": "李宗吾 ",
                    "book_title": "厚黑学",
                    "summary": "在本书中，李宗吾对于中国专制制度下虚伪的封建伦理和圣贤进行了无情地揭露和批判，把封建专制统治者身上的仁义道德撕了个干干净净，不但这样，他还把批判的利剑直接指向“尧舜禹汤”等“圣贤…",
                    "stars": 41,
                    "imgSrc": "./images/20180420154206.png"
                },
                {
                    "bookId": "207",
                    "author": "龙在宇",
                    "book_title": "金牌投资人2",
                    "summary": "与千千万万的年轻人一样，来到大城市奋斗的小城青年方玉斌，凭借过人才华与努力奋斗，成为投资公司的中层精英。他在操盘了一个堪称经典案例的投资项目后，却身不由己地卷入了公司高层斗争，处…",
                    "stars": 38,
                    "imgSrc": "./images/20180420150746.png"
                }
            ]
}

